ad_id,timestamp,site_category,device_type,user_region,user_age,bid_price,ad_position,click
d13798,2026-03-28 08:00:00,gaming,desktop,south,48,1.57,feed,0
ddec7e,2026-03-28 08:00:04,finance,mobile,west,21,1.09,sidebar,0
1e91b2,2026-03-28 08:00:10,finance,desktop,east,23,0.66,top,0
5d73e4,2026-03-28 08:00:06,finance,mobile,south,46,4.32,feed,0
cb95d3,2026-03-28 08:00:16,finance,desktop,east,29,0.5,top,1
1539b,2026-03-28 08:00:25,gaming,desktop,west,19,1.37,top,1
37fc16,2026-03-28 08:00:12,social,mobile,west,60,0.86,feed,1
63647,2026-03-28 08:00:21,social,mobile,west,59,1.63,top,1
df03ae,2026-03-28 08:00:32,news,desktop,east,48,0.4,top,0
995f5d,2026-03-28 08:00:45,gaming,desktop,west,31,1.5,sidebar,0
66fc99,2026-03-28 08:00:10,social,mobile,south,46,0.15,feed,0
51fb7a,2026-03-28 08:00:44,finance,desktop,west,19,4.72,top,1
3dab2a,2026-03-28 08:00:12,travel,mobile,east,42,1.94,sidebar,1
760f9b,2026-03-28 08:00:52,news,mobile,north,49,1.55,sidebar,1
f9b7b3,2026-03-28 08:00:56,travel,desktop,east,33,0.88,feed,0
bb4e7b,2026-03-28 08:00:30,social,desktop,south,43,0.36,feed,1
756d5f,2026-03-28 08:00:32,news,mobile,east,31,1.17,sidebar,0
2d4ab,2026-03-28 08:00:51,travel,desktop,south,56,3.12,top,1
208d89,2026-03-28 08:01:12,finance,desktop,north,19,2.51,top,0
9f7e26,2026-03-28 08:00:38,gaming,desktop,west,53,1.19,top,0
2056d,2026-03-28 08:00:40,travel,desktop,west,48,1.22,sidebar,0
6e390e,2026-03-28 08:00:42,social,desktop,east,24,0.33,top,0
a97a6c,2026-03-28 08:01:06,gaming,mobile,east,33,0.66,sidebar,0
d8b33f,2026-03-28 08:00:23,social,mobile,east,36,0.81,feed,0
a07b33,2026-03-28 08:00:48,gaming,desktop,south,22,1.08,feed,0
dc2b0c,2026-03-28 08:01:15,gaming,desktop,north,41,0.4,top,0
3a05a9,2026-03-28 08:00:26,news,desktop,west,63,1.28,top,0
fa9e3e,2026-03-28 08:01:21,travel,mobile,east,20,3.44,top,1
fdfab7,2026-03-28 08:00:56,travel,desktop,north,21,3.41,top,0
7baeb6,2026-03-28 08:01:56,social,mobile,south,33,1.4,feed,0
30a68d,2026-03-28 08:02:30,social,desktop,west,36,0.46,top,0
ef42ab,2026-03-28 08:02:35,travel,desktop,south,65,2.52,feed,0
e35402,2026-03-28 08:02:40,news,desktop,south,24,0.59,top,0
f1b2a1,2026-03-28 08:00:33,news,desktop,north,61,0.58,sidebar,0
e56d02,2026-03-28 08:00:34,news,desktop,north,60,0.98,sidebar,0
eb0d74,2026-03-28 08:01:45,travel,desktop,east,27,1.18,sidebar,0
929642,2026-03-28 08:02:24,social,mobile,east,35,1.77,sidebar,0
12ebb4,2026-03-28 08:03:05,finance,desktop,east,39,4.24,feed,0
334d65,2026-03-28 08:01:54,gaming,desktop,south,41,1.93,sidebar,0
af8c32,2026-03-28 08:00:39,news,desktop,west,23,0.99,sidebar,0
6c36ab,2026-03-28 08:03:20,social,mobile,east,62,0.57,feed,1
6c1906,2026-03-28 08:02:44,social,desktop,east,30,0.87,sidebar,1
7e626d,2026-03-28 08:03:30,social,desktop,west,62,0.78,feed,0
4aa93f,2026-03-28 08:00:43,gaming,mobile,east,36,0.3,feed,1
5e87f8,2026-03-28 08:02:12,travel,mobile,east,37,3.03,sidebar,0
da6f3f,2026-03-28 08:02:15,finance,desktop,east,24,4.31,feed,0
709cf4,2026-03-28 08:03:04,social,desktop,north,22,0.32,sidebar,0
584b5e,2026-03-28 08:03:08,gaming,desktop,west,52,1.54,sidebar,0
433c5c,2026-03-28 08:02:24,finance,desktop,east,44,1.71,top,0
142547,2026-03-28 08:00:49,travel,desktop,north,36,2.1,top,1
1e30ae,2026-03-28 08:02:30,social,desktop,west,30,1.58,feed,0
ee8424,2026-03-28 08:03:24,travel,mobile,north,54,2.94,top,1
b38b8c,2026-03-28 08:04:20,social,mobile,south,56,1.88,sidebar,0
bd805,2026-03-28 08:02:39,news,desktop,north,34,1.73,sidebar,0
1adfff,2026-03-28 08:02:42,gaming,mobile,south,58,0.83,sidebar,0
da6d60,2026-03-28 08:00:55,travel,desktop,north,42,2.52,top,1
8fef21,2026-03-28 08:03:44,travel,mobile,east,33,0.55,sidebar,0
f3b977,2026-03-28 08:02:51,gaming,mobile,north,39,0.9,feed,0
22e699,2026-03-28 08:02:54,finance,mobile,south,65,3.64,sidebar,0
696d1,2026-03-28 08:00:59,travel,desktop,south,26,1.36,top,1
dcd567,2026-03-28 08:05:00,finance,mobile,west,36,0.85,feed,1
b476e6,2026-03-28 08:05:05,finance,mobile,north,38,4.49,sidebar,1
a3dbf9,2026-03-28 08:03:06,finance,desktop,north,33,1.2,feed,0
31c65b,2026-03-28 08:01:03,social,desktop,south,21,1.83,sidebar,0
97a229,2026-03-28 08:02:08,travel,mobile,east,39,0.98,top,1
4092c2,2026-03-28 08:02:10,news,mobile,west,24,1.39,sidebar,0
fb587a,2026-03-28 08:02:12,news,mobile,west,59,1.84,sidebar,0
2da712,2026-03-28 08:03:21,gaming,mobile,east,42,1.01,sidebar,1
b2a2f6,2026-03-28 08:01:08,gaming,desktop,north,52,0.22,top,0
11bd0d,2026-03-28 08:01:09,news,mobile,east,65,1.52,top,0
479fa0,2026-03-28 08:01:10,social,mobile,south,64,0.19,feed,0
d7f27c,2026-03-28 08:02:22,travel,mobile,north,23,3.57,top,1
9a5151,2026-03-28 08:02:24,travel,mobile,south,48,2.65,feed,1
3f5fea,2026-03-28 08:06:05,news,mobile,north,36,0.45,top,0
44073a,2026-03-28 08:01:14,social,mobile,south,42,1.56,top,1
35c892,2026-03-28 08:06:15,travel,desktop,east,28,0.56,sidebar,0
4d802a,2026-03-28 08:01:16,social,desktop,north,27,1.29,sidebar,0
7a3eea,2026-03-28 08:03:51,travel,mobile,north,58,1.91,sidebar,0
1417ad,2026-03-28 08:03:54,finance,mobile,south,32,4.52,feed,1
982a61,2026-03-28 08:02:38,social,mobile,west,64,1.3,feed,0
af5744,2026-03-28 08:02:40,gaming,desktop,south,63,0.2,sidebar,0
fd2427,2026-03-28 08:02:42,gaming,desktop,west,33,1.86,feed,0
d3bab8,2026-03-28 08:02:44,travel,desktop,west,44,0.83,sidebar,0
a639da,2026-03-28 08:01:23,gaming,desktop,west,57,0.27,top,0
2be6eb,2026-03-28 08:04:12,gaming,desktop,east,53,1.5,sidebar,0
be0194,2026-03-28 08:04:15,news,desktop,east,27,0.57,feed,0
a28ddf,2026-03-28 08:07:10,social,mobile,north,42,1.65,top,0
db3a26,2026-03-28 08:05:48,social,mobile,west,57,1.89,top,1
7cf1ec,2026-03-28 08:07:20,social,mobile,south,30,0.36,feed,0
f8ca50,2026-03-28 08:05:56,gaming,mobile,west,57,1.39,sidebar,1
e3eae9,2026-03-28 08:06:00,news,desktop,east,64,0.26,top,0
7a19f8,2026-03-28 08:01:31,social,mobile,north,25,1.9,sidebar,0
cd08ee,2026-03-28 08:03:04,finance,desktop,south,25,4.17,feed,0
cb9154,2026-03-28 08:03:06,travel,desktop,west,30,1.33,top,0
22f5cf,2026-03-28 08:03:08,news,mobile,south,49,1.16,sidebar,0
aaffc0,2026-03-28 08:04:45,finance,mobile,east,32,1.79,sidebar,1
22ef21,2026-03-28 08:08:00,gaming,mobile,south,42,0.67,feed,1
107e0f,2026-03-28 08:03:14,travel,mobile,north,22,0.77,top,1
99fdc0,2026-03-28 08:08:10,travel,mobile,east,30,3.24,feed,1
de26a,2026-03-28 08:03:18,gaming,mobile,north,42,0.13,top,0
413207,2026-03-28 08:01:40,social,desktop,east,25,0.23,feed,0
1373fa,2026-03-28 08:01:41,finance,desktop,north,20,3.55,top,1
9eaf9,2026-03-28 08:01:42,news,mobile,south,62,1.65,feed,1
88b4e2,2026-03-28 08:06:52,gaming,mobile,east,57,1.3,sidebar,1
727f63,2026-03-28 08:03:28,news,mobile,south,63,1.53,top,1
952f22,2026-03-28 08:07:00,social,mobile,north,35,0.36,feed,1
597753,2026-03-28 08:07:04,travel,desktop,east,24,3.03,top,0
625a91,2026-03-28 08:07:08,social,mobile,east,40,0.76,sidebar,0
272767,2026-03-28 08:03:36,social,desktop,south,48,0.18,top,0
4ef3d,2026-03-28 08:07:16,travel,mobile,east,39,1.21,sidebar,0
6c6352,2026-03-28 08:07:20,gaming,mobile,north,52,1.45,sidebar,1
27156d,2026-03-28 08:07:24,social,mobile,south,51,1.56,feed,0
dd38da,2026-03-28 08:05:36,finance,mobile,west,48,4.48,top,1
a6b01a,2026-03-28 08:03:46,finance,mobile,east,33,1.85,feed,1
4a21c4,2026-03-28 08:05:42,gaming,mobile,north,35,1.58,top,0
de6665,2026-03-28 08:03:50,finance,desktop,south,41,2.52,top,1
a92870,2026-03-28 08:09:40,finance,desktop,west,64,4.45,sidebar,0
379958,2026-03-28 08:01:57,finance,desktop,south,28,2.25,sidebar,0
f212ac,2026-03-28 08:09:50,news,desktop,east,30,0.85,feed,0
c9084,2026-03-28 08:07:56,social,mobile,west,32,1.13,sidebar,1
35fde9,2026-03-28 08:04:00,social,desktop,north,49,0.7,feed,0
249193,2026-03-28 08:10:05,finance,mobile,south,22,4.01,feed,0
79726f,2026-03-28 08:06:06,gaming,mobile,west,61,0.42,feed,1
2ca5bd,2026-03-28 08:02:03,travel,desktop,north,36,2.34,top,1
e2b66e,2026-03-28 08:10:20,social,mobile,north,21,1.29,sidebar,1
c49c28,2026-03-28 08:10:25,finance,desktop,east,53,4.0,sidebar,1
ba56e4,2026-03-28 08:10:30,travel,desktop,east,23,1.84,top,1
c9734b,2026-03-28 08:08:28,news,desktop,south,61,0.59,top,0
c45dfb,2026-03-28 08:02:08,travel,mobile,west,63,0.19,sidebar,0
71647,2026-03-28 08:08:36,gaming,mobile,north,43,1.18,feed,0
d06aa0,2026-03-28 08:02:10,travel,mobile,east,38,2.5,sidebar,0
cbcd08,2026-03-28 08:10:55,social,desktop,south,56,1.63,top,0
5e179a,2026-03-28 08:11:00,gaming,desktop,west,58,1.42,top,0
10ca93,2026-03-28 08:04:26,travel,mobile,west,22,3.35,sidebar,1
f2b6bf,2026-03-28 08:06:42,travel,mobile,north,21,0.2,top,1
f2391a,2026-03-28 08:11:15,gaming,mobile,west,58,1.36,sidebar,0
bdc4e0,2026-03-28 08:11:20,gaming,mobile,east,55,0.96,feed,0
adcfba,2026-03-28 08:04:34,news,mobile,south,34,0.83,feed,1
5bd4e8,2026-03-28 08:04:36,news,desktop,east,43,0.34,feed,0
ab8425,2026-03-28 08:04:38,travel,mobile,north,28,1.49,sidebar,0
e9eeb5,2026-03-28 08:04:40,news,desktop,west,48,1.21,feed,0
898114,2026-03-28 08:07:03,finance,desktop,south,24,0.37,sidebar,0
4c3faf,2026-03-28 08:11:50,travel,desktop,west,31,2.09,feed,1
7b8b22,2026-03-28 08:04:46,social,mobile,east,56,1.44,top,0
7585da,2026-03-28 08:07:12,gaming,desktop,east,49,1.1,feed,1
271a5f,2026-03-28 08:09:40,social,mobile,north,41,1.96,top,1
55855f,2026-03-28 08:02:26,travel,mobile,north,26,2.32,top,1
887373,2026-03-28 08:09:48,social,desktop,south,23,1.48,sidebar,0
b707b8,2026-03-28 08:12:20,social,mobile,east,44,1.71,feed,0
2fbb62,2026-03-28 08:12:25,finance,desktop,north,52,0.49,feed,0
3214f8,2026-03-28 08:07:30,social,mobile,north,41,0.15,top,0
5829cc,2026-03-28 08:02:31,finance,mobile,south,50,3.47,sidebar,0
b87f4c,2026-03-28 08:05:04,gaming,desktop,east,30,1.74,sidebar,0
13970f,2026-03-28 08:02:33,finance,desktop,north,35,3.87,feed,0
145faa,2026-03-28 08:12:50,social,mobile,west,44,0.74,top,1
ce9ead,2026-03-28 08:05:10,social,desktop,south,25,1.66,sidebar,0
797c4c,2026-03-28 08:05:12,gaming,desktop,north,65,0.25,sidebar,0
875ee9,2026-03-28 08:02:37,finance,desktop,south,55,4.37,feed,0
464cda,2026-03-28 08:10:32,finance,mobile,south,49,0.84,sidebar,0
3458e0,2026-03-28 08:10:36,finance,mobile,north,34,4.82,sidebar,1
c43f5c,2026-03-28 08:05:20,social,desktop,east,23,1.68,feed,0
dbbcdb,2026-03-28 08:05:22,finance,desktop,west,59,2.16,sidebar,0
87ac19,2026-03-28 08:05:24,travel,mobile,west,36,3.15,top,1
9c54ae,2026-03-28 08:05:26,finance,desktop,west,53,1.7,sidebar,0
30d013,2026-03-28 08:13:40,gaming,desktop,west,64,1.52,feed,0
c96c7e,2026-03-28 08:13:45,news,desktop,west,33,1.19,top,0
eff018,2026-03-28 08:02:46,finance,desktop,north,53,0.41,sidebar,1
675f55,2026-03-28 08:08:21,gaming,desktop,north,26,0.67,feed,1
7b218a,2026-03-28 08:05:36,news,mobile,north,34,1.83,feed,0
81e1df,2026-03-28 08:08:27,travel,desktop,north,37,1.47,feed,0
aacfbb,2026-03-28 08:11:20,news,mobile,north,27,1.7,sidebar,0
eff50a,2026-03-28 08:11:24,social,mobile,north,46,0.86,sidebar,1
7e8b4f,2026-03-28 08:14:20,finance,desktop,west,48,4.72,sidebar,0
eff16f,2026-03-28 08:11:32,social,mobile,west,47,1.33,feed,0
d6d311,2026-03-28 08:02:54,travel,desktop,south,33,0.63,top,0
313d52,2026-03-28 08:05:50,gaming,mobile,west,64,0.69,top,0
1fa25d,2026-03-28 08:02:56,gaming,desktop,north,54,0.27,sidebar,0
478b17,2026-03-28 08:05:54,news,desktop,west,57,1.06,top,0
60375c,2026-03-28 08:08:54,finance,desktop,west,26,3.12,top,0
8fb504,2026-03-28 08:11:56,travel,mobile,south,34,0.74,top,1
bb74e8,2026-03-28 08:09:00,news,mobile,north,65,0.69,feed,0
879d7a,2026-03-28 08:12:04,social,desktop,north,50,1.37,top,0
c96ad6,2026-03-28 08:06:04,finance,desktop,east,58,4.55,feed,0
315b0,2026-03-28 08:03:03,social,desktop,north,20,0.17,sidebar,0
e3941b,2026-03-28 08:06:08,social,mobile,north,29,1.15,top,0
baa23a,2026-03-28 08:03:05,news,mobile,south,51,0.27,feed,0
d32f92,2026-03-28 08:09:18,travel,mobile,south,42,2.28,top,0
972f17,2026-03-28 08:06:14,travel,desktop,west,55,1.13,sidebar,0
d5f2a3,2026-03-28 08:15:40,news,mobile,north,18,0.23,top,0
fd0958,2026-03-28 08:12:36,social,desktop,east,49,0.18,top,0
f1d148,2026-03-28 08:03:10,gaming,mobile,south,62,1.98,sidebar,1
c06d42,2026-03-28 08:12:44,gaming,mobile,south,37,0.93,feed,0
a5cce9,2026-03-28 08:09:36,finance,mobile,north,18,4.15,sidebar,0
150c99,2026-03-28 08:03:13,travel,mobile,north,29,1.79,sidebar,0
93f5b6,2026-03-28 08:06:28,news,desktop,east,32,0.92,sidebar,0
6634cd,2026-03-28 08:13:00,finance,mobile,west,36,2.69,feed,1
45e25,2026-03-28 08:09:48,finance,mobile,west,35,4.0,sidebar,1
82836e,2026-03-28 08:06:34,travel,mobile,west,23,0.38,feed,0
3d2581,2026-03-28 08:06:36,gaming,desktop,west,50,0.64,top,0
d130cd,2026-03-28 08:09:57,finance,mobile,west,18,4.93,feed,0
45a7ee,2026-03-28 08:16:40,travel,mobile,north,56,1.45,feed,0
73782a,2026-03-28 08:13:24,news,desktop,east,37,1.11,feed,0
9b5653,2026-03-28 08:06:44,news,desktop,west,43,0.91,feed,0
d84bf5,2026-03-28 08:03:23,social,desktop,south,18,0.59,top,1
b1b4d8,2026-03-28 08:06:48,social,mobile,west,35,0.97,top,0
fad190,2026-03-28 08:13:40,social,desktop,east,58,1.12,sidebar,0
26ccfa,2026-03-28 08:06:52,social,mobile,south,64,1.81,feed,0
76bec7,2026-03-28 08:13:48,news,desktop,south,65,0.43,top,0
2e24e2,2026-03-28 08:10:24,gaming,desktop,south,51,1.26,top,0
10746a,2026-03-28 08:03:29,travel,mobile,east,21,1.26,sidebar,0
c02080,2026-03-28 08:17:30,travel,mobile,south,50,1.52,sidebar,0
228fd9,2026-03-28 08:14:04,finance,desktop,west,52,1.59,feed,0
b75e43,2026-03-28 08:03:32,news,mobile,north,21,1.67,feed,1
1afd4e,2026-03-28 08:07:06,social,desktop,west,62,0.13,top,0
fe3740,2026-03-28 08:03:34,finance,mobile,south,54,1.51,sidebar,0
5afc01,2026-03-28 08:03:35,finance,mobile,south,30,2.38,top,1
cb6b75,2026-03-28 08:07:12,gaming,desktop,south,49,1.57,top,0
c0e4b9,2026-03-28 08:10:51,travel,desktop,east,58,1.28,sidebar,0
ea586e,2026-03-28 08:14:32,gaming,desktop,west,23,1.12,feed,1
c4c26c,2026-03-28 08:03:39,gaming,mobile,west,62,1.35,sidebar,0
5f5980,2026-03-28 08:14:40,social,mobile,east,58,0.87,feed,0
77fa6e,2026-03-28 08:03:41,finance,desktop,south,57,2.22,feed,0
b3fbfb,2026-03-28 08:18:30,news,desktop,south,53,0.55,top,0
14c70a,2026-03-28 08:14:52,social,desktop,west,53,1.65,top,0
7069ec,2026-03-28 08:18:40,travel,desktop,north,38,2.54,top,0
6aad0,2026-03-28 08:03:45,gaming,mobile,south,29,1.6,top,0
58b708,2026-03-28 08:07:32,news,desktop,south,34,1.95,top,0
3b57dc,2026-03-28 08:03:47,travel,desktop,east,27,1.45,sidebar,0
bb7769,2026-03-28 08:03:48,news,desktop,west,31,1.02,top,1
f36880,2026-03-28 08:03:49,news,mobile,west,65,1.97,top,0
9e6a10,2026-03-28 08:07:40,social,mobile,north,34,0.17,sidebar,0
7efe82,2026-03-28 08:19:15,gaming,desktop,west,26,1.11,sidebar,0
6b237c,2026-03-28 08:15:28,gaming,desktop,east,36,0.44,top,0
9aa9e2,2026-03-28 08:03:53,news,mobile,east,32,0.39,top,1
73ba6f,2026-03-28 08:19:30,news,mobile,south,37,1.99,sidebar,0
a1485b,2026-03-28 08:11:45,gaming,mobile,west,21,0.99,top,1
6d39de,2026-03-28 08:15:44,travel,desktop,north,35,0.43,sidebar,0
1b453b,2026-03-28 08:11:51,travel,desktop,west,38,1.38,sidebar,0
5194c2,2026-03-28 08:15:52,social,mobile,south,34,1.78,top,0
9e18d7,2026-03-28 08:11:57,social,mobile,west,62,0.58,feed,0
63f8e0,2026-03-28 08:08:00,social,desktop,east,30,1.31,feed,1
75b97c,2026-03-28 08:16:04,finance,desktop,west,56,2.94,sidebar,1
96aacb,2026-03-28 08:12:06,finance,desktop,south,36,2.57,top,0
81598c,2026-03-28 08:04:03,gaming,desktop,north,39,1.91,feed,0
28447f,2026-03-28 08:08:08,finance,mobile,south,47,4.92,sidebar,0
27d5dd,2026-03-28 08:08:10,social,desktop,north,26,1.58,top,0
c7ac89,2026-03-28 08:04:06,gaming,desktop,north,32,0.69,feed,0
532f52,2026-03-28 08:20:35,gaming,desktop,west,18,0.99,feed,0
a73ecc,2026-03-28 08:08:16,gaming,desktop,north,24,1.81,sidebar,0
2151c1,2026-03-28 08:08:18,travel,desktop,east,33,1.25,top,1
40f01d,2026-03-28 08:12:30,travel,desktop,south,50,3.13,feed,1
814b8b,2026-03-28 08:12:33,travel,desktop,south,41,2.21,top,0
c82e7,2026-03-28 08:21:00,gaming,desktop,west,23,0.71,sidebar,0
500ed6,2026-03-28 08:16:52,gaming,desktop,north,31,0.88,top,0
b84897,2026-03-28 08:12:42,finance,mobile,east,38,4.31,sidebar,0
3b276b,2026-03-28 08:12:45,social,desktop,north,23,1.78,feed,0
d4791f,2026-03-28 08:21:20,news,desktop,east,24,1.26,sidebar,0
590c24,2026-03-28 08:17:08,social,mobile,south,36,1.72,sidebar,0
4e3716,2026-03-28 08:12:54,gaming,mobile,east,63,0.97,sidebar,0
87958b,2026-03-28 08:21:35,news,desktop,south,55,1.43,feed,0
71b9a,2026-03-28 08:13:00,news,mobile,west,43,1.12,feed,0
20739b,2026-03-28 08:08:42,news,desktop,south,39,1.38,feed,0
85db91,2026-03-28 08:17:28,travel,desktop,west,20,1.18,sidebar,0
b4938,2026-03-28 08:13:09,social,desktop,west,18,0.44,feed,0
206f7a,2026-03-28 08:17:36,gaming,desktop,west,54,0.85,feed,0
dfbbd6,2026-03-28 08:04:25,social,mobile,north,32,1.5,sidebar,1
8aea16,2026-03-28 08:22:10,gaming,mobile,west,46,1.91,top,0
3a410d,2026-03-28 08:04:27,social,desktop,north,55,0.4,top,0
9885c8,2026-03-28 08:04:28,social,desktop,east,37,1.54,feed,0
c3ec2a,2026-03-28 08:04:29,travel,mobile,east,58,0.57,sidebar,0
74d686,2026-03-28 08:22:30,social,desktop,north,32,1.99,sidebar,0
2bdad0,2026-03-28 08:18:04,gaming,mobile,south,32,0.63,top,0
4fd549,2026-03-28 08:18:08,news,mobile,west,19,1.31,sidebar,0
ea3da6,2026-03-28 08:13:39,finance,mobile,west,48,1.94,top,1
c86e9f,2026-03-28 08:04:34,news,desktop,west,61,0.93,top,0
48a077,2026-03-28 08:09:10,gaming,desktop,east,45,1.68,sidebar,0
9800de,2026-03-28 08:23:00,travel,mobile,west,23,0.52,feed,1
60e994,2026-03-28 08:23:05,gaming,mobile,west,52,1.01,top,0
51398f,2026-03-28 08:13:54,gaming,mobile,north,57,1.82,feed,0
eab18d,2026-03-28 08:13:57,finance,desktop,west,33,2.34,feed,0
2dcc93,2026-03-28 08:18:40,finance,mobile,east,43,1.42,sidebar,1
d6d0dc,2026-03-28 08:18:44,social,mobile,north,54,0.35,top,0
300132,2026-03-28 08:09:24,news,desktop,north,23,1.02,feed,0
f48450,2026-03-28 08:23:35,finance,mobile,west,18,4.06,feed,0
af5f46,2026-03-28 08:18:56,gaming,mobile,west,61,1.71,feed,0
3454ac,2026-03-28 08:19:00,gaming,mobile,east,41,0.84,top,0
e7b2bd,2026-03-28 08:23:50,social,mobile,east,61,1.71,top,0
480f45,2026-03-28 08:19:08,news,mobile,west,25,1.64,top,0
cbb100,2026-03-28 08:19:12,travel,desktop,east,36,2.36,top,0
b3eee7,2026-03-28 08:14:27,travel,desktop,south,22,2.76,top,1
9f9aef,2026-03-28 08:14:30,gaming,desktop,west,37,0.95,sidebar,0
9d9872,2026-03-28 08:24:15,news,desktop,east,43,1.57,sidebar,0
4eca7e,2026-03-28 08:09:44,gaming,desktop,north,60,0.24,sidebar,1
6b0496,2026-03-28 08:24:25,social,desktop,west,47,0.35,feed,0
51cdef,2026-03-28 08:04:54,gaming,desktop,west,44,1.0,feed,0
7315b,2026-03-28 08:24:35,finance,mobile,north,57,0.8,sidebar,0
6a3c1f,2026-03-28 08:09:52,gaming,desktop,north,56,0.87,sidebar,0
96b81f,2026-03-28 08:24:45,social,desktop,south,58,1.68,sidebar,0
a278fa,2026-03-28 08:04:58,news,mobile,north,34,0.2,feed,1
858cea,2026-03-28 08:19:56,social,desktop,north,39,0.49,top,0
2b179a,2026-03-28 08:15:00,social,mobile,west,53,1.24,feed,0
ffe68a,2026-03-28 08:10:02,gaming,mobile,east,63,0.3,top,0
350c4,2026-03-28 08:20:08,travel,mobile,east,29,0.83,feed,0
fcb04c,2026-03-28 08:25:15,news,mobile,north,48,1.05,sidebar,0
d172d4,2026-03-28 08:20:16,travel,mobile,south,55,3.36,feed,0
58f70a,2026-03-28 08:05:05,social,desktop,south,47,0.18,sidebar,0
cf346f,2026-03-28 08:10:12,news,desktop,south,62,1.29,feed,0
3b32,2026-03-28 08:15:21,gaming,mobile,east,38,0.54,top,0
653737,2026-03-28 08:15:24,gaming,mobile,east,20,0.22,top,0
178a47,2026-03-28 08:25:45,travel,mobile,east,32,3.19,top,0
ad3091,2026-03-28 08:20:40,social,mobile,south,49,1.28,top,1
614044,2026-03-28 08:10:22,social,desktop,south,63,0.84,top,0
8413ab,2026-03-28 08:10:24,finance,mobile,west,37,3.05,top,1
a58b83,2026-03-28 08:10:26,social,mobile,north,45,1.89,feed,1
8ae2a5,2026-03-28 08:20:56,travel,desktop,west,49,2.04,feed,0
dd77a1,2026-03-28 08:05:15,finance,desktop,east,41,1.11,sidebar,0
83e4a5,2026-03-28 08:26:20,travel,mobile,north,64,2.06,top,1
a910e7,2026-03-28 08:15:51,gaming,mobile,west,25,1.44,top,1
f1ed7e,2026-03-28 08:05:18,finance,mobile,south,62,2.98,top,0
69dbd8,2026-03-28 08:10:38,gaming,desktop,east,21,1.3,sidebar,0
c4ec5f,2026-03-28 08:26:40,social,mobile,west,63,0.92,top,1
58571d,2026-03-28 08:16:03,travel,mobile,south,60,2.17,top,0
56d23b,2026-03-28 08:05:22,gaming,mobile,east,20,0.65,feed,1
c2f76f,2026-03-28 08:10:46,social,desktop,east,40,1.7,feed,0
937f1c,2026-03-28 08:10:48,travel,mobile,east,57,2.62,sidebar,0
59357a,2026-03-28 08:10:50,finance,desktop,south,52,0.27,top,0
e71442,2026-03-28 08:27:10,social,desktop,west,40,0.29,sidebar,1
920d4c,2026-03-28 08:05:27,gaming,mobile,east,25,1.64,sidebar,1
8a0886,2026-03-28 08:10:56,travel,desktop,east,61,1.47,top,1
72f464,2026-03-28 08:21:56,gaming,desktop,south,58,1.89,feed,0
1ebcdd,2026-03-28 08:27:30,travel,desktop,north,41,2.06,sidebar,0
2f2139,2026-03-28 08:22:04,gaming,desktop,south,35,0.85,feed,0
9673fd,2026-03-28 08:05:32,travel,desktop,south,49,0.28,top,0
136938,2026-03-28 08:05:33,social,mobile,west,26,1.88,top,0
ef2602,2026-03-28 08:11:08,travel,desktop,east,42,2.96,top,0
f16549,2026-03-28 08:16:45,news,desktop,north,60,0.68,sidebar,0
c87b1,2026-03-28 08:11:12,travel,mobile,east,45,1.2,sidebar,1
225e73,2026-03-28 08:16:51,news,desktop,north,44,1.66,feed,0
751fbe,2026-03-28 08:05:38,finance,mobile,south,22,2.59,sidebar,0
f848ee,2026-03-28 08:11:18,finance,desktop,west,20,3.01,feed,0
b3c4a1,2026-03-28 08:22:40,travel,desktop,south,45,3.19,sidebar,1
cfefe8,2026-03-28 08:22:44,travel,mobile,east,62,2.98,sidebar,1
bfaac5,2026-03-28 08:11:24,gaming,mobile,west,57,1.3,sidebar,1
98bd03,2026-03-28 08:11:26,travel,mobile,south,36,2.53,sidebar,0
3f60d0,2026-03-28 08:22:56,finance,desktop,south,32,1.62,top,1
5af85b,2026-03-28 08:28:45,travel,mobile,east,58,0.63,sidebar,0
e1e143,2026-03-28 08:23:04,social,desktop,east,39,0.46,top,0
d0dd51,2026-03-28 08:17:21,news,desktop,north,49,1.33,sidebar,0
e0aa3e,2026-03-28 08:17:24,news,desktop,north,37,1.49,top,0
1468b0,2026-03-28 08:11:38,gaming,mobile,east,44,0.63,feed,1
a7928f,2026-03-28 08:05:50,gaming,mobile,east,47,1.79,feed,0
a8fcb3,2026-03-28 08:17:33,travel,desktop,north,39,1.71,feed,0
6ad347,2026-03-28 08:23:28,gaming,mobile,south,25,1.25,feed,0
726e0e,2026-03-28 08:17:39,travel,mobile,south,39,2.92,feed,0
88eaf9,2026-03-28 08:05:54,finance,mobile,north,55,3.49,feed,1
df466f,2026-03-28 08:29:35,social,mobile,north,47,1.52,feed,0
24ffa8,2026-03-28 08:11:52,social,mobile,south,60,1.66,feed,1
4fb010,2026-03-28 08:11:54,gaming,mobile,south,55,1.59,sidebar,0
975404,2026-03-28 08:29:50,finance,mobile,east,60,0.88,top,1
c21527,2026-03-28 08:29:55,finance,desktop,north,62,0.88,top,0
8fea31,2026-03-28 08:18:00,news,mobile,west,29,1.93,sidebar,0
557c7e,2026-03-28 08:30:05,travel,mobile,south,47,2.93,feed,0
613d1c,2026-03-28 08:18:06,gaming,mobile,west,29,1.64,feed,1
222633,2026-03-28 08:06:03,travel,mobile,west,49,1.94,sidebar,0
6fa272,2026-03-28 08:06:04,travel,desktop,north,52,3.29,sidebar,0
f70a0c,2026-03-28 08:18:15,news,mobile,north,59,1.01,top,1
376daf,2026-03-28 08:30:30,travel,desktop,east,22,2.21,top,0
f1a56,2026-03-28 08:18:21,travel,desktop,north,56,1.95,sidebar,0
6b1c42,2026-03-28 08:24:32,news,mobile,south,21,0.16,top,0
a54d06,2026-03-28 08:30:45,gaming,mobile,west,54,0.59,top,1
1a5e0b,2026-03-28 08:12:20,finance,mobile,north,64,0.83,top,0
4c1865,2026-03-28 08:06:11,finance,mobile,south,39,3.05,sidebar,1
f1a1cb,2026-03-28 08:18:36,news,mobile,west,22,1.08,top,1
cb231f,2026-03-28 08:31:05,travel,mobile,north,24,0.39,sidebar,1
972c27,2026-03-28 08:31:10,travel,desktop,north,37,0.53,top,1
82b6ba,2026-03-28 08:18:45,gaming,desktop,south,23,0.53,sidebar,0
ee39aa,2026-03-28 08:12:32,travel,mobile,east,46,1.5,top,1
35d21c,2026-03-28 08:25:08,social,mobile,west,29,0.18,feed,0
f109e0,2026-03-28 08:18:54,finance,mobile,west,55,3.43,top,1
f76606,2026-03-28 08:06:19,news,desktop,north,54,1.64,feed,0
e77b60,2026-03-28 08:19:00,gaming,mobile,west,24,0.66,top,0
95a078,2026-03-28 08:06:21,travel,desktop,west,47,1.96,top,0
80962,2026-03-28 08:19:06,gaming,desktop,west,36,0.97,top,0
86d542,2026-03-28 08:12:46,finance,mobile,west,48,0.82,sidebar,0
d28e07,2026-03-28 08:19:12,social,desktop,north,48,1.64,top,1
94a6ea,2026-03-28 08:32:05,gaming,mobile,west,45,0.24,feed,0
9f3156,2026-03-28 08:25:44,news,mobile,west,61,0.79,top,1
c08552,2026-03-28 08:12:54,news,desktop,west,54,0.44,top,0
1299ad,2026-03-28 08:19:24,social,mobile,south,61,1.58,top,0
d8f1cf,2026-03-28 08:19:27,finance,desktop,east,53,4.49,feed,1
69362c,2026-03-28 08:32:30,social,desktop,east,28,1.21,feed,0
f703c4,2026-03-28 08:19:33,travel,desktop,north,20,2.05,sidebar,0
84c193,2026-03-28 08:19:36,news,desktop,north,43,0.57,top,0
571e17,2026-03-28 08:26:12,finance,desktop,north,20,1.45,top,1
ca9db6,2026-03-28 08:26:16,social,mobile,west,56,0.87,top,0
a65609,2026-03-28 08:19:45,news,mobile,south,50,1.92,sidebar,1
721e2b,2026-03-28 08:19:48,travel,desktop,east,23,1.16,feed,0
68c62c,2026-03-28 08:13:14,news,mobile,south,30,1.77,top,1
d5b1b,2026-03-28 08:26:32,social,mobile,south,37,1.92,top,0
b7002a,2026-03-28 08:13:18,social,desktop,east,62,0.65,sidebar,0
a7af31,2026-03-28 08:20:00,gaming,mobile,south,32,0.96,sidebar,0
5288e6,2026-03-28 08:26:44,gaming,mobile,south,34,1.59,sidebar,0
5d4113,2026-03-28 08:06:42,gaming,mobile,east,33,0.61,top,0
bf71e1,2026-03-28 08:13:26,social,desktop,west,54,0.3,sidebar,0
e1ff1a,2026-03-28 08:13:28,gaming,mobile,west,34,1.58,sidebar,1
bd05ad,2026-03-28 08:13:30,news,desktop,south,22,0.47,sidebar,0
63749d,2026-03-28 08:20:18,social,desktop,south,48,1.94,top,0
27ff69,2026-03-28 08:13:34,social,desktop,east,51,1.73,sidebar,1
dc7c84,2026-03-28 08:20:24,gaming,desktop,west,35,0.36,sidebar,0
70b8ee,2026-03-28 08:20:27,travel,desktop,north,37,2.12,sidebar,1
fddd80,2026-03-28 08:27:20,travel,mobile,north,34,0.28,top,0
22a2f8,2026-03-28 08:27:24,finance,mobile,west,56,2.07,sidebar,1
cd067e,2026-03-28 08:06:52,travel,desktop,west,41,2.53,sidebar,0
b791c9,2026-03-28 08:13:46,news,desktop,south,31,1.65,top,1
58ad1d,2026-03-28 08:06:54,news,mobile,west,21,1.48,top,0
3590c5,2026-03-28 08:13:50,travel,desktop,north,45,0.4,top,0
f145c1,2026-03-28 08:20:48,gaming,desktop,south,24,0.15,sidebar,0
f6fc07,2026-03-28 08:27:48,travel,desktop,west,64,1.7,top,1
5c45e7,2026-03-28 08:20:54,finance,mobile,west,47,0.78,feed,0
2de8b2,2026-03-28 08:06:59,news,mobile,south,54,0.54,sidebar,1
9e8f48,2026-03-28 08:14:00,finance,desktop,south,62,3.3,sidebar,0
b148b6,2026-03-28 08:14:02,news,mobile,east,61,0.29,sidebar,1
c1460,2026-03-28 08:35:10,finance,desktop,south,49,0.97,sidebar,0
493ad5,2026-03-28 08:14:06,news,mobile,west,37,0.97,top,1
3c933,2026-03-28 08:28:16,finance,desktop,north,54,0.32,feed,0
2c98fc,2026-03-28 08:07:05,news,mobile,south,47,0.83,feed,1
6cd4a6,2026-03-28 08:07:06,social,mobile,north,56,1.09,feed,0
31b874,2026-03-28 08:28:28,finance,desktop,north,29,3.88,top,1
11e61c,2026-03-28 08:07:08,gaming,desktop,south,56,1.11,sidebar,0
1f6a10,2026-03-28 08:07:09,finance,mobile,south,47,0.9,top,1
d9350f,2026-03-28 08:07:10,travel,desktop,west,40,0.58,sidebar,0
6e40c5,2026-03-28 08:28:44,gaming,desktop,east,57,1.83,feed,0
551e06,2026-03-28 08:07:12,gaming,desktop,north,61,0.83,sidebar,0
8a984b,2026-03-28 08:36:05,social,desktop,north,30,1.23,sidebar,0
723938,2026-03-28 08:21:42,news,desktop,east,19,0.78,top,1
c66ebb,2026-03-28 08:07:15,finance,mobile,north,61,0.62,feed,1
9cd04d,2026-03-28 08:07:16,travel,mobile,west,43,0.25,top,1
fad10d,2026-03-28 08:36:25,travel,desktop,north,51,3.11,feed,0
9be954,2026-03-28 08:14:36,finance,mobile,west,50,2.48,feed,1
54463e,2026-03-28 08:36:35,social,mobile,west,22,0.34,sidebar,1
3f0348,2026-03-28 08:07:20,news,mobile,north,41,0.82,sidebar,0
717e84,2026-03-28 08:14:42,travel,mobile,west,53,2.91,feed,0
871fb4,2026-03-28 08:29:28,social,mobile,west,31,0.16,feed,0
40c973,2026-03-28 08:14:46,travel,mobile,west,35,0.78,feed,1
22b5d3,2026-03-28 08:14:48,news,mobile,north,43,1.32,feed,0
1c7bd8,2026-03-28 08:29:40,social,desktop,east,18,0.21,sidebar,0
ec238b,2026-03-28 08:14:52,news,mobile,east,31,1.51,feed,1
f2303e,2026-03-28 08:14:54,news,desktop,west,38,0.73,feed,0
1bd086,2026-03-28 08:29:52,travel,desktop,north,35,3.22,top,1
f8ad5a,2026-03-28 08:14:58,news,desktop,north,60,0.54,feed,0
c5377a,2026-03-28 08:07:30,finance,mobile,south,58,0.87,top,1
b0f3ef,2026-03-28 08:15:02,social,mobile,north,53,1.53,top,0
a7c1fe,2026-03-28 08:30:08,finance,mobile,east,42,2.69,top,1
909145,2026-03-28 08:07:33,news,desktop,east,34,1.96,top,0
b780a8,2026-03-28 08:07:34,social,mobile,north,34,0.74,sidebar,0
7db924,2026-03-28 08:22:45,gaming,mobile,north,48,0.33,sidebar,1
157ee8,2026-03-28 08:07:36,travel,desktop,south,57,0.98,top,0
94f27f,2026-03-28 08:15:14,finance,mobile,south,28,3.78,feed,0
275bc3,2026-03-28 08:15:16,gaming,mobile,west,64,0.99,feed,1
e5cb1d,2026-03-28 08:22:57,finance,desktop,north,47,2.29,feed,0
388df1,2026-03-28 08:38:20,travel,desktop,north,53,0.96,sidebar,0
b50bbe,2026-03-28 08:30:44,social,mobile,east,37,1.28,sidebar,1
3c25c8,2026-03-28 08:07:42,social,mobile,south,51,0.27,feed,0
88c9c9,2026-03-28 08:30:52,gaming,desktop,east,28,0.58,top,0
cab33f,2026-03-28 08:15:28,travel,mobile,north,25,3.22,feed,0
b8f756,2026-03-28 08:07:45,travel,desktop,north,33,2.5,feed,0
a1d32c,2026-03-28 08:23:18,travel,desktop,south,25,1.13,sidebar,0
41d498,2026-03-28 08:07:47,finance,mobile,north,30,1.98,top,1
bd1f98,2026-03-28 08:39:00,finance,desktop,north,61,3.9,top,1
898b65,2026-03-28 08:39:05,travel,desktop,south,36,3.44,top,1
dc702,2026-03-28 08:39:10,gaming,desktop,north,49,1.65,top,1
c346b6,2026-03-28 08:07:51,social,mobile,north,58,0.8,sidebar,0
38b1bd,2026-03-28 08:23:36,news,mobile,east,32,1.5,top,1
dd2124,2026-03-28 08:23:39,gaming,desktop,north,37,0.94,feed,0
b5c2c,2026-03-28 08:39:30,gaming,desktop,north,35,0.8,sidebar,0
ed903a,2026-03-28 08:15:50,news,desktop,west,33,1.82,feed,0
991a9,2026-03-28 08:39:40,gaming,mobile,south,56,1.46,sidebar,0
3a68f0,2026-03-28 08:31:48,social,desktop,east,64,1.97,sidebar,0
165a44,2026-03-28 08:07:58,social,desktop,north,23,0.22,top,0
b1be0c,2026-03-28 08:15:58,travel,desktop,west,24,3.11,feed,0
9350ba,2026-03-28 08:08:00,news,desktop,west,52,0.81,feed,0
5c70dd,2026-03-28 08:32:04,travel,mobile,east,30,3.32,feed,0
310dd4,2026-03-28 08:16:04,travel,desktop,south,53,3.13,sidebar,1
92c55e,2026-03-28 08:32:12,gaming,desktop,west,36,1.8,sidebar,0
ccc5ed,2026-03-28 08:32:16,finance,mobile,north,45,0.93,sidebar,0
c1f0fc,2026-03-28 08:40:25,news,mobile,north,18,0.23,sidebar,0
b473a3,2026-03-28 08:16:12,social,mobile,north,47,1.58,sidebar,1
3c3213,2026-03-28 08:40:35,social,desktop,east,23,0.17,sidebar,0
9a6ce5,2026-03-28 08:16:16,gaming,mobile,east,23,0.93,feed,0
86c3c6,2026-03-28 08:16:18,gaming,mobile,west,43,1.69,top,0
45bbe0,2026-03-28 08:08:10,news,mobile,east,41,1.7,top,0
1bbb0c,2026-03-28 08:32:44,gaming,mobile,north,64,0.13,top,0
aa4cda,2026-03-28 08:32:48,gaming,desktop,east,20,0.99,feed,0
2d605b,2026-03-28 08:41:05,travel,mobile,west,61,2.47,sidebar,0
a0af5e,2026-03-28 08:16:28,gaming,mobile,north,43,0.25,feed,0
eea387,2026-03-28 08:24:45,travel,desktop,south,36,1.52,sidebar,0
b11396,2026-03-28 08:41:20,finance,desktop,north,63,0.79,feed,0
9ac558,2026-03-28 08:33:08,social,desktop,west,51,0.93,feed,0
980044,2026-03-28 08:16:36,gaming,mobile,east,24,1.65,top,1
1028c1,2026-03-28 08:24:57,gaming,mobile,north,59,1.09,feed,0
d91b74,2026-03-28 08:16:40,gaming,desktop,east,31,0.27,feed,0
6804f2,2026-03-28 08:25:03,gaming,mobile,west,49,2.0,sidebar,0
cffe96,2026-03-28 08:41:50,social,mobile,south,26,0.55,top,0
4671fb,2026-03-28 08:41:55,news,desktop,west,27,0.96,sidebar,1
b0a9a,2026-03-28 08:33:36,finance,desktop,west,45,2.65,top,1
d481f4,2026-03-28 08:16:50,news,mobile,east,51,0.55,feed,1
7eaaf5,2026-03-28 08:16:52,social,mobile,west,40,0.34,top,0
84d662,2026-03-28 08:33:48,gaming,mobile,east,19,0.76,sidebar,1
c4196a,2026-03-28 08:42:20,news,mobile,east,62,1.32,top,0
f1e154,2026-03-28 08:25:27,finance,mobile,north,65,4.09,feed,0
29131a,2026-03-28 08:17:00,gaming,desktop,west,43,1.54,feed,0
2dab02,2026-03-28 08:25:33,news,mobile,east,27,1.51,top,0
f9760e,2026-03-28 08:25:36,social,mobile,east,26,1.88,feed,0
14bfaa,2026-03-28 08:34:12,finance,desktop,south,46,0.66,feed,0
ab3e3a,2026-03-28 08:17:08,news,desktop,east,56,0.39,top,1
95cfc4,2026-03-28 08:42:55,gaming,desktop,south,40,0.83,feed,0
f51ec0,2026-03-28 08:08:36,finance,desktop,west,50,0.57,sidebar,0
a28bf6,2026-03-28 08:25:51,travel,mobile,west,48,2.6,feed,1
ba8fe4,2026-03-28 08:43:10,gaming,desktop,east,28,0.57,feed,0
c2ece4,2026-03-28 08:08:39,news,mobile,west,48,0.9,sidebar,0
230fc,2026-03-28 08:43:20,social,desktop,west,62,0.59,sidebar,0
a0ab3f,2026-03-28 08:17:22,social,mobile,north,35,1.77,sidebar,1
1b0a0c,2026-03-28 08:08:42,finance,desktop,east,28,1.56,top,1
ed9662,2026-03-28 08:08:43,social,mobile,south,21,1.57,top,0
894cc5,2026-03-28 08:08:44,finance,mobile,west,30,0.31,feed,0
4634ea,2026-03-28 08:26:15,gaming,desktop,south,59,0.14,sidebar,0
e28e9a,2026-03-28 08:43:50,gaming,mobile,west,45,0.9,top,0
c5dd0e,2026-03-28 08:17:34,social,desktop,east,63,0.16,feed,0
f67ad3,2026-03-28 08:35:12,travel,desktop,north,40,3.45,sidebar,0
c76fee,2026-03-28 08:17:38,travel,mobile,west,28,2.35,sidebar,1
c2771a,2026-03-28 08:35:20,news,mobile,south,60,1.03,sidebar,1
ca8ce6,2026-03-28 08:44:15,travel,desktop,west,54,0.87,feed,0
56b3aa,2026-03-28 08:26:36,travel,mobile,east,48,2.39,sidebar,0
d25b1f,2026-03-28 08:17:46,travel,desktop,west,32,3.33,top,0
203162,2026-03-28 08:44:30,gaming,desktop,west,55,0.29,sidebar,0
99e21,2026-03-28 08:08:55,finance,desktop,south,20,0.45,top,1
3ddc66,2026-03-28 08:26:48,travel,desktop,south,33,0.63,sidebar,1
83b6f1,2026-03-28 08:44:45,travel,desktop,east,57,2.85,sidebar,0
66f700,2026-03-28 08:08:58,news,desktop,south,45,1.42,feed,0
4d5873,2026-03-28 08:44:55,finance,mobile,east,58,1.79,top,0
8f22b8,2026-03-28 08:09:00,social,mobile,west,19,0.79,sidebar,1
e5391,2026-03-28 08:36:04,social,mobile,east,50,0.18,top,0
6ba8,2026-03-28 08:09:02,travel,desktop,east,34,1.43,sidebar,0
b487bd,2026-03-28 08:09:03,gaming,mobile,north,23,0.43,sidebar,1
faec70,2026-03-28 08:18:08,travel,mobile,east,41,2.56,sidebar,1
ed2da4,2026-03-28 08:18:10,social,desktop,east,48,0.93,top,0
8c1f80,2026-03-28 08:45:30,finance,desktop,east,32,3.11,sidebar,0
9f6114,2026-03-28 08:45:35,travel,mobile,north,36,3.46,top,0
60641b,2026-03-28 08:09:08,social,mobile,west,31,0.2,feed,1
7b356a,2026-03-28 08:09:09,news,mobile,east,23,1.6,sidebar,0
80b9e0,2026-03-28 08:27:30,news,desktop,north,64,0.94,sidebar,0
19ef26,2026-03-28 08:27:33,news,desktop,west,65,0.67,feed,0
2e6bb9,2026-03-28 08:27:36,travel,desktop,south,33,1.61,sidebar,0
6f08c7,2026-03-28 08:18:26,finance,desktop,north,63,3.18,sidebar,0
709f7d,2026-03-28 08:09:14,social,desktop,east,44,1.73,feed,0
9c40cb,2026-03-28 08:27:45,finance,desktop,north,44,1.87,top,1
3c15f4,2026-03-28 08:09:16,social,desktop,east,40,1.6,top,0
9dd72f,2026-03-28 08:37:08,finance,desktop,east,39,0.67,sidebar,0
698e2e,2026-03-28 08:46:30,news,mobile,west,24,1.41,sidebar,1
92ecb3,2026-03-28 08:27:57,finance,mobile,south,54,4.44,feed,1
9620a7,2026-03-28 08:46:40,social,desktop,south,29,0.48,sidebar,0
9ae435,2026-03-28 08:09:21,news,desktop,north,45,1.9,top,0
9387fd,2026-03-28 08:18:44,news,desktop,west,21,1.57,top,0
52fe7,2026-03-28 08:46:55,finance,desktop,south,65,5.0,top,0
3a8096,2026-03-28 08:18:48,news,desktop,east,33,1.5,feed,0
d80eaf,2026-03-28 08:37:40,social,mobile,north,31,1.82,top,1
203003,2026-03-28 08:09:26,news,desktop,south,52,0.44,top,0
d96cf9,2026-03-28 08:18:54,gaming,desktop,west,19,1.66,top,0
3dd0e,2026-03-28 08:37:52,travel,desktop,north,29,3.3,top,0
799ee1,2026-03-28 08:09:29,travel,desktop,north,26,0.64,feed,1
721ff1,2026-03-28 08:19:00,gaming,mobile,west,40,0.32,top,0
cadbc,2026-03-28 08:47:35,social,mobile,south,45,1.58,sidebar,0
c1933,2026-03-28 08:38:08,finance,desktop,east,57,2.64,feed,0
f59224,2026-03-28 08:09:33,travel,desktop,south,20,2.32,sidebar,0
7160c8,2026-03-28 08:28:42,travel,mobile,west,45,2.58,sidebar,1
fa7d7c,2026-03-28 08:47:55,social,desktop,north,50,0.77,feed,0
581d6a,2026-03-28 08:09:36,finance,mobile,north,29,1.62,top,1
2ae2fa,2026-03-28 08:09:37,news,desktop,south,49,0.18,top,0
b97c81,2026-03-28 08:28:54,gaming,desktop,west,44,1.29,top,0
581e82,2026-03-28 08:09:39,travel,mobile,east,18,3.54,sidebar,1
d1c0f3,2026-03-28 08:19:20,social,mobile,west,39,1.68,sidebar,0
57308b,2026-03-28 08:09:41,social,desktop,south,59,0.43,top,0
92e00f,2026-03-28 08:29:06,finance,mobile,west,39,2.85,top,1
87c7c5,2026-03-28 08:19:26,gaming,desktop,south,51,0.95,feed,0
451216,2026-03-28 08:48:40,news,desktop,north,64,1.12,sidebar,0
13d452,2026-03-28 08:19:30,finance,desktop,east,44,4.07,top,0
cc0d9c,2026-03-28 08:19:32,finance,desktop,south,45,4.06,feed,0
8fe661,2026-03-28 08:19:34,news,desktop,north,40,1.27,top,0
50b394,2026-03-28 08:19:36,gaming,desktop,east,45,1.35,feed,0
2bda91,2026-03-28 08:09:49,travel,desktop,north,61,2.65,feed,0
91f6bc,2026-03-28 08:39:20,travel,desktop,west,23,2.41,sidebar,0
2fcea5,2026-03-28 08:09:51,travel,desktop,west,31,2.03,top,1
a2877,2026-03-28 08:49:20,social,desktop,west,29,0.39,feed,0
924060,2026-03-28 08:49:25,finance,mobile,south,21,1.87,sidebar,0
160fa8,2026-03-28 08:09:54,finance,mobile,north,37,1.46,top,0
99da79,2026-03-28 08:39:40,news,desktop,south,26,0.74,sidebar,0
1ad9d2,2026-03-28 08:19:52,social,mobile,east,23,0.27,feed,0
d9c465,2026-03-28 08:19:54,travel,mobile,south,56,3.18,sidebar,0
4f21e4,2026-03-28 08:09:58,gaming,desktop,east,33,0.74,sidebar,0
e57810,2026-03-28 08:19:58,news,mobile,north,32,1.99,sidebar,0
13a4cb,2026-03-28 08:20:00,news,mobile,south,62,0.49,feed,1
e518bb,2026-03-28 08:30:03,travel,desktop,south,23,1.95,feed,0
99960e,2026-03-28 08:40:08,news,mobile,north,44,1.35,feed,0
1dc5c8,2026-03-28 08:20:06,gaming,desktop,south,37,0.68,sidebar,1
c7e5a2,2026-03-28 08:10:04,travel,mobile,west,49,3.1,top,0
de2a68,2026-03-28 08:40:20,news,mobile,north,31,1.33,top,0
2a74d6,2026-03-28 08:10:06,news,mobile,east,18,1.32,sidebar,0
90c22,2026-03-28 08:40:28,travel,mobile,south,45,2.98,top,1
df3d7e,2026-03-28 08:40:32,finance,desktop,east,36,4.09,top,0
4bae8,2026-03-28 08:10:09,finance,desktop,west,20,4.67,sidebar,0
ea518,2026-03-28 08:10:10,travel,mobile,east,22,3.05,feed,1
b29ad4,2026-03-28 08:40:44,travel,desktop,west,63,2.41,top,1
84978c,2026-03-28 08:20:24,social,desktop,west,18,1.56,sidebar,0
235b8b,2026-03-28 08:40:52,gaming,desktop,east,49,0.32,feed,0
3df3d1,2026-03-28 08:51:10,social,desktop,east,24,1.36,top,0
e31e5,2026-03-28 08:51:15,news,desktop,east,18,1.58,feed,0
839afc,2026-03-28 08:20:32,travel,mobile,east,26,3.52,feed,1
80d4d5,2026-03-28 08:30:51,social,desktop,south,55,0.54,sidebar,0
e0eaef,2026-03-28 08:51:30,finance,desktop,north,29,4.99,sidebar,1
8bf060,2026-03-28 08:41:16,news,mobile,south,36,1.38,feed,1
b537c2,2026-03-28 08:10:20,social,desktop,south,59,0.79,top,0
5d931e,2026-03-28 08:31:03,finance,mobile,west,60,4.75,top,0
421708,2026-03-28 08:41:28,travel,mobile,west,65,3.07,sidebar,0
739860,2026-03-28 08:20:46,gaming,mobile,east,34,1.89,feed,0
c1427e,2026-03-28 08:10:24,finance,mobile,south,54,3.05,top,1
7fd08b,2026-03-28 08:31:15,travel,mobile,south,23,1.28,feed,0
f619e9,2026-03-28 08:31:18,gaming,mobile,east,36,1.22,top,1
c599ce,2026-03-28 08:41:48,travel,desktop,south,49,2.03,top,0
8876fb,2026-03-28 08:10:28,travel,mobile,south,22,3.36,sidebar,0
7e3983,2026-03-28 08:52:25,news,mobile,west,49,1.74,top,1
877d4e,2026-03-28 08:31:30,travel,desktop,east,21,0.26,top,0
78a5c3,2026-03-28 08:42:04,travel,mobile,south,31,2.13,feed,1
f20003,2026-03-28 08:21:04,gaming,mobile,west,39,1.63,sidebar,1
5c34c8,2026-03-28 08:31:39,finance,mobile,east,65,1.16,top,1
100c30,2026-03-28 08:10:34,gaming,desktop,north,34,1.73,top,0
8be05c,2026-03-28 08:31:45,gaming,mobile,east,45,1.23,sidebar,0
de6151,2026-03-28 08:42:24,social,desktop,north,36,1.62,feed,0
e74f3e,2026-03-28 08:42:28,finance,mobile,south,19,0.69,sidebar,0
b87839,2026-03-28 08:53:10,travel,mobile,south,21,3.6,top,1
6a707e,2026-03-28 08:31:57,gaming,mobile,east,44,1.21,sidebar,0
e46626,2026-03-28 08:10:40,finance,mobile,north,55,4.7,feed,0
52e5a6,2026-03-28 08:42:44,news,mobile,south,47,0.68,sidebar,0
4a46d,2026-03-28 08:53:30,news,desktop,north,59,1.74,feed,0
33b344,2026-03-28 08:42:52,gaming,desktop,east,29,0.91,sidebar,0
5611b,2026-03-28 08:53:40,finance,mobile,north,27,3.62,sidebar,1
908bed,2026-03-28 08:21:30,news,desktop,east,54,0.33,top,0
ab936f,2026-03-28 08:10:46,travel,mobile,west,26,0.56,top,0
ef454b,2026-03-28 08:10:47,finance,mobile,west,58,3.68,sidebar,0
bec2fc,2026-03-28 08:21:36,gaming,mobile,north,31,1.59,feed,1
aa4512,2026-03-28 08:43:16,travel,desktop,west,58,2.29,sidebar,0
5790a9,2026-03-28 08:32:30,travel,desktop,east,54,0.41,top,1
70c8f5,2026-03-28 08:10:51,social,desktop,east,34,0.39,feed,0
cc21ba,2026-03-28 08:43:28,finance,mobile,north,62,2.92,feed,1
8c3fc8,2026-03-28 08:54:25,travel,mobile,east,34,1.73,sidebar,0
62ee9b,2026-03-28 08:21:48,gaming,mobile,west,57,1.56,sidebar,0
28b694,2026-03-28 08:10:55,gaming,mobile,west,31,1.17,sidebar,1
40d034,2026-03-28 08:32:48,news,mobile,west,47,0.26,top,1
b7a931,2026-03-28 08:21:54,news,desktop,east,21,1.13,feed,0
2f4c5c,2026-03-28 08:32:54,gaming,desktop,east,34,0.91,sidebar,0
7a4454,2026-03-28 08:54:55,travel,mobile,east,52,1.28,feed,1
3b87da,2026-03-28 08:55:00,finance,desktop,west,65,2.02,top,0
10e596,2026-03-28 08:55:05,social,mobile,north,57,1.78,feed,0
2cfeae,2026-03-28 08:44:08,gaming,mobile,north,36,0.4,sidebar,0
c9b235,2026-03-28 08:11:03,finance,mobile,south,22,2.4,top,1
19a071,2026-03-28 08:44:16,news,mobile,west,51,0.39,feed,0
f27e3f,2026-03-28 08:11:05,social,mobile,west,18,0.17,sidebar,1
86db8b,2026-03-28 08:44:24,travel,desktop,west,65,0.76,sidebar,0
1fbf2c,2026-03-28 08:55:35,finance,desktop,east,18,2.71,feed,0
772ad9,2026-03-28 08:44:32,finance,desktop,west,43,3.92,sidebar,1
10a376,2026-03-28 08:11:09,gaming,mobile,east,42,0.58,top,1
778492,2026-03-28 08:11:10,social,desktop,north,31,1.24,sidebar,0
60e007,2026-03-28 08:11:11,gaming,desktop,east,46,0.44,sidebar,0
f7e912,2026-03-28 08:44:48,news,mobile,south,58,1.48,feed,0
e216da,2026-03-28 08:56:05,gaming,mobile,north,41,1.79,sidebar,0
4b00a0,2026-03-28 08:44:56,social,desktop,south,37,1.62,feed,0
5e5322,2026-03-28 08:22:30,travel,desktop,north,22,1.02,feed,0
adccb5,2026-03-28 08:45:04,travel,desktop,north,28,1.36,feed,0
2a04d1,2026-03-28 08:45:08,social,desktop,south,18,1.66,top,0
8c2925,2026-03-28 08:11:18,gaming,mobile,north,64,1.13,sidebar,0
7afe18,2026-03-28 08:22:38,gaming,desktop,west,55,1.66,feed,0
1a251d,2026-03-28 08:22:40,travel,desktop,south,35,3.34,top,0
998058,2026-03-28 08:34:03,finance,desktop,north,45,3.07,feed,0
96430e,2026-03-28 08:45:28,social,mobile,north,43,1.85,sidebar,1
cc9ba8,2026-03-28 08:56:55,news,mobile,south,42,1.31,top,0
a53531,2026-03-28 08:57:00,gaming,mobile,north,50,1.68,sidebar,0
21748,2026-03-28 08:34:15,news,mobile,east,44,1.37,feed,0
7e3d96,2026-03-28 08:11:26,social,desktop,south,20,1.59,sidebar,0
70ef2d,2026-03-28 08:45:48,finance,desktop,east,56,1.67,sidebar,0
d61e90,2026-03-28 08:11:28,travel,desktop,west,65,1.65,top,1
2c2ff6,2026-03-28 08:22:58,travel,mobile,north,65,2.48,sidebar,0
d21c5b,2026-03-28 08:23:00,news,mobile,south,54,1.15,top,1
3e7656,2026-03-28 08:23:02,finance,desktop,north,63,1.03,feed,0
d1e8b0,2026-03-28 08:23:04,news,desktop,south,62,0.63,top,0
61a67c,2026-03-28 08:57:45,social,desktop,west,59,0.94,feed,0
1a08b5,2026-03-28 08:23:08,social,mobile,east,39,1.66,feed,1
d66fee,2026-03-28 08:34:45,finance,mobile,west,48,3.95,feed,1
49eb6d,2026-03-28 08:34:48,travel,desktop,west,36,2.99,top,1
7b949f,2026-03-28 08:34:51,finance,mobile,north,18,0.73,sidebar,1
349061,2026-03-28 08:23:16,news,desktop,east,44,1.2,sidebar,0
eb1a1c,2026-03-28 08:34:57,gaming,mobile,south,37,1.94,feed,0
cb6be3,2026-03-28 08:58:20,gaming,mobile,west,60,1.21,feed,0
2305d1,2026-03-28 08:46:44,finance,mobile,north,24,0.91,feed,0
d72b94,2026-03-28 08:46:48,gaming,desktop,south,58,1.55,sidebar,0
1edae7,2026-03-28 08:35:09,gaming,desktop,south,56,1.8,top,0
56908d,2026-03-28 08:23:28,gaming,mobile,south,47,1.92,feed,0
2ca17e,2026-03-28 08:23:30,news,desktop,south,61,0.14,feed,0
28e7f1,2026-03-28 08:11:46,social,desktop,east,32,1.69,sidebar,0
aac8fd,2026-03-28 08:11:47,travel,mobile,west,22,0.91,feed,0
e47592,2026-03-28 08:59:00,finance,mobile,north,38,0.59,top,1
179da9,2026-03-28 08:47:16,gaming,mobile,east,55,1.42,top,0
d3868b,2026-03-28 08:35:30,news,desktop,west,43,0.4,feed,0
b72b7,2026-03-28 08:47:24,gaming,mobile,north,65,1.08,feed,0
e362a,2026-03-28 08:59:20,news,desktop,west,65,1.91,sidebar,0
160035,2026-03-28 08:11:53,travel,desktop,east,32,3.08,feed,0
ea5345,2026-03-28 08:11:54,social,desktop,north,26,0.55,sidebar,0
b74a6f,2026-03-28 08:35:45,social,mobile,east,24,0.21,top,0
a9c36a,2026-03-28 08:11:56,gaming,desktop,south,19,1.84,feed,0
3e70e5,2026-03-28 08:59:45,finance,mobile,west,39,3.9,top,1
a3e2dd,2026-03-28 08:23:56,gaming,mobile,west,35,0.64,sidebar,0
b29b1b,2026-03-28 08:11:59,gaming,mobile,north,34,1.97,top,0
5a490f,2026-03-28 08:36:00,travel,mobile,east,22,0.62,feed,1
55ee9f,2026-03-28 08:36:03,social,mobile,east,29,0.8,sidebar,0
27da2f,2026-03-28 08:36:06,finance,desktop,west,32,3.5,feed,0
b306a7,2026-03-28 08:24:06,social,mobile,south,43,1.94,sidebar,0
4d5870,2026-03-28 09:00:20,travel,mobile,south,64,2.71,feed,1
e88638,2026-03-28 08:36:15,travel,desktop,west,50,1.78,sidebar,0
338aa5,2026-03-28 08:36:18,travel,mobile,west,57,2.38,feed,0
1155e7,2026-03-28 08:36:21,gaming,desktop,west,51,1.32,feed,0
7176a7,2026-03-28 08:36:24,gaming,desktop,north,33,1.05,top,1
ef91ae,2026-03-28 08:48:36,news,mobile,east,42,0.56,sidebar,0
785b90,2026-03-28 09:00:50,social,desktop,west,34,1.02,feed,0
8109e1,2026-03-28 08:24:22,finance,desktop,west,25,1.55,sidebar,0
8b5fba,2026-03-28 08:48:48,gaming,desktop,south,59,0.9,sidebar,0
341549,2026-03-28 09:01:05,finance,desktop,north,30,0.49,top,0
e08409,2026-03-28 08:36:42,travel,mobile,south,39,3.47,top,1
10664e,2026-03-28 08:24:30,travel,desktop,west,64,2.19,feed,0
3add42,2026-03-28 08:12:16,news,mobile,north,65,1.54,top,1
a14ece,2026-03-28 08:12:17,finance,desktop,east,20,2.13,sidebar,0
77072e,2026-03-28 08:49:12,finance,mobile,east,51,4.34,feed,1
8a0f71,2026-03-28 08:24:38,news,desktop,north,59,1.8,sidebar,0
32dedc,2026-03-28 08:49:20,finance,desktop,south,49,0.48,top,1
a1e19d,2026-03-28 08:24:42,social,mobile,south,21,1.15,sidebar,0
75f4c3,2026-03-28 09:01:50,social,mobile,south,27,0.5,sidebar,1
3e8df4,2026-03-28 08:49:32,travel,mobile,north,30,1.47,feed,0
44b4fc,2026-03-28 08:49:36,gaming,desktop,west,53,1.71,feed,0
2b7869,2026-03-28 08:12:25,travel,desktop,east,19,2.18,sidebar,1
a3bcba,2026-03-28 08:37:18,news,desktop,west,41,0.94,sidebar,1
5992f1,2026-03-28 08:12:27,gaming,mobile,east,55,0.19,feed,1
42ff4c,2026-03-28 09:02:20,social,mobile,west,26,0.64,sidebar,0
c93947,2026-03-28 08:12:29,travel,mobile,south,37,1.73,top,0
93b6e4,2026-03-28 08:12:30,news,mobile,east,21,0.49,feed,0
320ff8,2026-03-28 08:37:33,social,desktop,south,35,1.17,top,0
e8c979,2026-03-28 09:02:40,gaming,mobile,south,40,1.37,sidebar,1
1fb832,2026-03-28 08:12:33,travel,desktop,north,22,0.59,feed,0
9c1758,2026-03-28 09:02:50,gaming,mobile,west,61,1.19,top,0
ef26d7,2026-03-28 08:25:10,gaming,mobile,west,41,0.9,feed,1
7de481,2026-03-28 09:03:00,travel,mobile,east,35,3.36,sidebar,1
37070b,2026-03-28 09:03:05,finance,desktop,north,62,2.18,top,0
de72d,2026-03-28 08:37:54,social,desktop,south,19,0.43,sidebar,0
f79139,2026-03-28 08:37:57,travel,mobile,south,45,0.83,feed,0
18417c,2026-03-28 08:38:00,news,mobile,east,18,0.59,sidebar,0
9f66b,2026-03-28 08:12:41,social,desktop,south,27,0.6,top,0
e86044,2026-03-28 09:03:30,gaming,desktop,south,34,0.33,sidebar,0
1cc381,2026-03-28 08:12:43,news,desktop,south,49,1.08,sidebar,1
39f783,2026-03-28 08:25:28,travel,desktop,north,28,2.82,feed,1
395444,2026-03-28 09:03:45,news,desktop,south,46,0.51,top,0
9fb7fc,2026-03-28 08:12:46,finance,mobile,south,44,1.76,sidebar,0
f1d84a,2026-03-28 08:38:21,finance,desktop,west,49,0.65,top,0
508e77,2026-03-28 08:38:24,news,desktop,west,26,1.21,sidebar,0
ff1d7,2026-03-28 08:12:49,news,mobile,south,19,1.35,feed,1
f8706f,2026-03-28 08:38:30,social,mobile,west,29,0.33,feed,0
fc4473,2026-03-28 08:25:42,travel,desktop,east,19,1.8,sidebar,0
2ea717,2026-03-28 08:25:44,news,mobile,east,47,0.71,feed,0
ed5be1,2026-03-28 08:12:53,finance,mobile,south,63,0.89,sidebar,1
38b34b,2026-03-28 08:12:54,news,desktop,east,32,0.86,feed,0
1cb035,2026-03-28 08:38:45,travel,mobile,south,19,2.73,feed,0
2a5eaa,2026-03-28 08:12:56,finance,mobile,east,58,0.58,feed,0
43622,2026-03-28 08:38:51,social,desktop,south,28,1.23,sidebar,0
3e7556,2026-03-28 08:51:52,gaming,desktop,east,53,1.47,feed,0
4b6882,2026-03-28 09:04:55,gaming,desktop,north,36,0.75,sidebar,0
2a00b0,2026-03-28 09:05:00,travel,mobile,north,32,0.34,top,1
d03a7c,2026-03-28 08:13:01,finance,mobile,south,27,2.39,top,1
452c32,2026-03-28 08:39:06,gaming,desktop,south,23,1.41,feed,1
11537e,2026-03-28 08:13:03,gaming,mobile,south,61,0.21,feed,1
84546e,2026-03-28 09:05:20,travel,mobile,west,26,0.57,sidebar,0
1924a0,2026-03-28 09:05:25,news,mobile,south,30,1.09,sidebar,1
3f07c7,2026-03-28 09:05:30,social,mobile,west,56,1.25,sidebar,0
ab690,2026-03-28 08:26:14,finance,mobile,south,55,0.61,sidebar,0
136602,2026-03-28 08:52:32,gaming,mobile,west,24,0.52,sidebar,0
a9e77c,2026-03-28 09:05:45,news,desktop,east,27,1.96,top,0
f87a22,2026-03-28 08:39:30,news,desktop,west,25,1.84,sidebar,0
990f72,2026-03-28 09:05:55,gaming,desktop,west,56,0.82,feed,0
bb23de,2026-03-28 09:06:00,news,mobile,east,38,0.55,top,1
f73602,2026-03-28 08:52:52,gaming,desktop,north,33,1.1,feed,0
876228,2026-03-28 08:39:42,travel,desktop,south,38,3.58,feed,1
3a66b,2026-03-28 08:53:00,travel,mobile,east,55,0.74,feed,1
744f83,2026-03-28 08:53:04,news,desktop,north,55,0.83,top,0
94a214,2026-03-28 09:06:25,travel,mobile,north,46,1.67,feed,1
482e78,2026-03-28 08:39:54,finance,desktop,east,39,2.48,sidebar,0
ce6d65,2026-03-28 08:26:38,news,desktop,west,43,0.34,top,0
fff36f,2026-03-28 08:13:20,gaming,desktop,south,57,1.98,sidebar,0
e89b5b,2026-03-28 08:40:03,travel,mobile,north,36,0.69,top,0
b363bb,2026-03-28 09:06:50,news,mobile,west,54,0.53,top,0
f72ad0,2026-03-28 08:26:46,news,mobile,south,59,1.13,top,0
10ae35,2026-03-28 08:40:12,social,desktop,south,44,0.74,feed,0
c204d0,2026-03-28 09:07:05,news,mobile,east,28,0.85,feed,0
66a17a,2026-03-28 08:13:26,finance,desktop,north,32,1.3,top,1
c081eb,2026-03-28 08:26:54,finance,mobile,south,61,4.47,top,1
f38d20,2026-03-28 08:13:28,travel,mobile,north,50,0.74,sidebar,0
b046c5,2026-03-28 08:40:27,gaming,mobile,east,62,1.87,top,0
cf6f4b,2026-03-28 09:07:30,gaming,desktop,west,35,0.62,feed,0
accefb,2026-03-28 08:40:33,gaming,mobile,west,42,1.87,sidebar,1
35ebaf,2026-03-28 08:27:04,social,mobile,south,19,0.58,sidebar,0
8ec970,2026-03-28 09:07:45,finance,mobile,south,39,2.53,top,0
356a53,2026-03-28 08:40:42,social,desktop,south,53,1.89,top,0
921539,2026-03-28 08:54:20,gaming,desktop,north,62,1.31,sidebar,0
a84226,2026-03-28 08:40:48,travel,mobile,south,24,1.02,top,1
6265df,2026-03-28 08:27:14,news,desktop,south,47,0.29,feed,0
4d538b,2026-03-28 08:13:38,news,mobile,west,55,0.77,feed,0
732982,2026-03-28 08:40:57,finance,mobile,east,49,1.35,sidebar,0
9b9249,2026-03-28 08:41:00,social,desktop,east,44,0.88,sidebar,0
a2c33b,2026-03-28 09:08:25,travel,desktop,north,49,3.3,sidebar,0
aed72a,2026-03-28 08:54:48,social,desktop,south,21,0.79,feed,0
4a20d0,2026-03-28 09:08:35,news,mobile,west,35,1.15,feed,0
920353,2026-03-28 08:41:12,gaming,mobile,south,21,1.53,sidebar,1
9c153a,2026-03-28 08:55:00,news,mobile,west,21,1.9,sidebar,0
812630,2026-03-28 08:55:04,travel,desktop,north,47,1.39,top,0
b132a1,2026-03-28 08:41:21,social,mobile,west,25,0.9,sidebar,0
23a24a,2026-03-28 09:09:00,social,desktop,east,49,0.51,sidebar,0
338dc4,2026-03-28 09:09:05,travel,desktop,north,62,0.44,feed,0
e71653,2026-03-28 08:13:50,finance,mobile,south,41,2.51,sidebar,0
2709dd,2026-03-28 08:13:51,news,mobile,west,54,1.69,sidebar,0
e5b54,2026-03-28 09:09:20,gaming,mobile,south,20,1.82,feed,0
9dcc34,2026-03-28 08:41:39,finance,mobile,south,24,2.6,top,0
52f362,2026-03-28 09:09:30,gaming,mobile,north,54,1.38,feed,0
aa3313,2026-03-28 08:55:40,gaming,mobile,south,53,0.44,top,0
20960e,2026-03-28 08:27:52,social,mobile,east,49,0.45,sidebar,0
62a925,2026-03-28 08:13:57,news,desktop,east,29,1.35,feed,0
57d606,2026-03-28 08:41:54,gaming,mobile,south,44,0.5,feed,1
4d95c6,2026-03-28 08:55:56,finance,desktop,south,46,1.36,sidebar,0
b93ab6,2026-03-28 08:56:00,finance,desktop,west,53,0.39,feed,0
c8ea74,2026-03-28 08:28:02,gaming,desktop,south,45,0.66,feed,0
c38608,2026-03-28 08:42:06,gaming,desktop,south,23,1.05,sidebar,0
629ba7,2026-03-28 09:10:15,news,desktop,north,32,1.64,top,1
8ff292,2026-03-28 08:14:04,finance,mobile,west,49,1.59,feed,0
600a56,2026-03-28 08:14:05,gaming,mobile,north,62,0.55,feed,0
729744,2026-03-28 08:42:18,news,desktop,north,64,0.59,feed,0
60a3a4,2026-03-28 08:28:14,social,desktop,east,27,0.17,top,0
1cb06d,2026-03-28 08:56:32,social,desktop,north,52,0.73,sidebar,0
bfa2cd,2026-03-28 08:56:36,finance,mobile,east,52,3.12,top,1
153d66,2026-03-28 08:28:20,travel,desktop,west,55,1.2,sidebar,0
2bc44c,2026-03-28 08:28:22,finance,mobile,north,24,3.03,feed,1
c43318,2026-03-28 09:11:00,gaming,desktop,north,36,1.61,sidebar,0
470d47,2026-03-28 08:56:52,gaming,mobile,east,29,0.66,top,0
5620ff,2026-03-28 09:11:10,travel,desktop,north,27,2.69,sidebar,1
ab6d6,2026-03-28 08:14:15,finance,mobile,west,32,3.66,sidebar,0
ae4452,2026-03-28 08:42:48,finance,desktop,east,58,4.32,feed,0
a370d1,2026-03-28 09:11:25,finance,mobile,north,19,0.27,sidebar,0
81d60f,2026-03-28 08:28:36,gaming,mobile,north,32,1.23,sidebar,1
e319b7,2026-03-28 08:28:38,finance,mobile,east,65,0.5,top,1
e4a3d7,2026-03-28 08:43:00,gaming,mobile,north,55,1.07,top,1
dd4e74,2026-03-28 08:43:03,travel,desktop,north,63,0.51,top,0
84be8c,2026-03-28 09:11:50,gaming,desktop,east,25,0.44,sidebar,0
695b04,2026-03-28 08:43:09,travel,mobile,east,56,2.74,top,1
2a9ff8,2026-03-28 08:43:12,gaming,desktop,south,48,0.84,feed,0
d4df7f,2026-03-28 09:12:05,social,desktop,east,65,1.73,sidebar,0
fa090e,2026-03-28 09:12:10,gaming,desktop,east,54,0.83,top,0
fbf857,2026-03-28 09:12:15,social,mobile,east,57,1.38,feed,1
b1c4a2,2026-03-28 09:12:20,social,mobile,east,59,0.2,top,1
9d991c,2026-03-28 08:43:27,news,mobile,west,20,0.97,sidebar,0
df3047,2026-03-28 08:58:00,finance,desktop,north,32,4.37,sidebar,0
33135d,2026-03-28 08:29:02,news,mobile,east,47,1.95,feed,1
46b25b,2026-03-28 08:14:32,news,mobile,north,54,1.05,feed,0
f93cc,2026-03-28 08:58:12,social,desktop,east,43,1.62,feed,0
242eb9,2026-03-28 09:12:50,finance,mobile,east,38,2.7,sidebar,0
1bbf29,2026-03-28 08:14:35,gaming,desktop,east,30,1.13,sidebar,0
7a625,2026-03-28 09:13:00,gaming,mobile,east,37,1.21,feed,1
76b54,2026-03-28 09:13:05,social,mobile,east,21,1.59,top,0
6fce95,2026-03-28 09:13:10,social,desktop,west,32,1.28,sidebar,0
2180a7,2026-03-28 08:43:57,finance,desktop,west,50,2.32,feed,0
533719,2026-03-28 09:13:20,finance,desktop,west,57,3.03,sidebar,0
2e135f,2026-03-28 08:29:22,news,mobile,west,22,1.48,feed,1
b6a279,2026-03-28 08:58:48,travel,mobile,west,24,1.57,sidebar,0
73c0c5,2026-03-28 09:13:35,news,desktop,south,30,1.06,feed,0
84dc04,2026-03-28 09:13:40,finance,desktop,north,51,0.94,feed,0
12f19e,2026-03-28 08:14:45,travel,desktop,west,51,0.2,sidebar,0
479a7,2026-03-28 08:29:32,news,mobile,south,64,0.78,sidebar,0
bf5a8b,2026-03-28 08:44:21,gaming,mobile,south,38,0.79,sidebar,0
f5cd3c,2026-03-28 08:29:36,news,desktop,north,45,0.16,sidebar,0
4a6719,2026-03-28 09:14:05,gaming,mobile,east,23,0.17,feed,0
238903,2026-03-28 08:14:50,news,mobile,north,20,0.43,top,1
c5ffd3,2026-03-28 09:14:15,finance,desktop,south,34,4.33,feed,0
c1c788,2026-03-28 08:29:44,gaming,mobile,east,34,0.59,sidebar,0
b54758,2026-03-28 09:14:25,social,mobile,north,31,1.34,feed,0
d0aa7c,2026-03-28 08:59:36,gaming,mobile,west,49,1.92,feed,0
3ba175,2026-03-28 08:14:55,finance,desktop,west,26,0.44,feed,0
313b57,2026-03-28 08:14:56,finance,desktop,east,46,1.95,top,0
183be1,2026-03-28 08:29:54,news,desktop,west,45,1.03,top,0
15395e,2026-03-28 08:44:54,travel,desktop,east,19,0.8,top,1
8f575b,2026-03-28 09:14:55,travel,mobile,south,56,0.55,top,1
f52323,2026-03-28 08:45:00,news,desktop,south,57,1.97,top,0
182868,2026-03-28 08:45:03,news,mobile,south,28,0.73,feed,0
a0a606,2026-03-28 09:15:10,gaming,desktop,east,43,0.67,top,0
23f354,2026-03-28 08:30:06,news,mobile,east,58,0.12,top,0
b4aa7c,2026-03-28 08:45:12,travel,mobile,east,63,1.04,sidebar,0
95415f,2026-03-28 08:30:10,finance,mobile,west,30,3.9,sidebar,1
382dd2,2026-03-28 09:00:24,travel,mobile,east,65,2.1,feed,1
31c28b,2026-03-28 09:00:28,gaming,mobile,south,55,0.69,top,0
c08b00,2026-03-28 09:15:40,news,desktop,south,53,0.43,top,0
fc3f70,2026-03-28 08:30:18,social,mobile,west,65,0.57,feed,0
9ef3b9,2026-03-28 08:45:30,news,mobile,south,54,0.34,top,0
80bca2,2026-03-28 09:15:55,gaming,mobile,east,46,1.91,feed,0
1b02ec,2026-03-28 08:15:12,social,desktop,east,27,0.75,sidebar,0
3e0808,2026-03-28 09:16:05,finance,desktop,east,41,3.08,sidebar,1
e5cb2c,2026-03-28 08:30:28,finance,mobile,north,28,1.21,sidebar,1
21e11f,2026-03-28 08:45:45,social,desktop,west,62,0.29,sidebar,0
325af0,2026-03-28 08:30:32,travel,desktop,west,64,2.84,sidebar,0
89b2ab,2026-03-28 09:01:08,social,mobile,west,20,0.63,sidebar,0
2ae33e,2026-03-28 08:45:54,finance,mobile,north,56,3.08,top,1
1c8cae,2026-03-28 08:15:19,travel,mobile,south,51,3.58,feed,1
5c7663,2026-03-28 09:01:20,travel,mobile,east,57,1.38,sidebar,1
4b4231,2026-03-28 09:16:45,social,desktop,west,29,0.84,sidebar,0
d5080e,2026-03-28 08:30:44,news,mobile,east,63,1.76,feed,0
ba30e8,2026-03-28 09:16:55,social,mobile,south,28,1.36,top,0
d800f5,2026-03-28 09:01:36,finance,mobile,south,43,2.86,sidebar,1
9dfb34,2026-03-28 08:30:50,travel,mobile,west,33,1.98,sidebar,0
71c3d7,2026-03-28 08:46:18,social,desktop,east,51,1.59,feed,0
6f02f3,2026-03-28 09:01:48,travel,desktop,east,19,2.8,sidebar,0
b50e92,2026-03-28 08:46:24,travel,mobile,north,57,2.71,feed,0
1fee23,2026-03-28 08:46:27,finance,mobile,north,39,3.58,top,0
6acb86,2026-03-28 08:46:30,gaming,mobile,east,60,1.39,top,0
2a6825,2026-03-28 08:31:02,gaming,desktop,east,36,0.38,feed,1
2568f5,2026-03-28 08:46:36,social,desktop,west,59,1.61,top,0
cff43,2026-03-28 09:02:12,travel,desktop,east,26,3.37,top,0
8f3da9,2026-03-28 08:31:08,social,desktop,south,48,0.62,feed,0
5ce98c,2026-03-28 08:46:45,social,mobile,north,19,0.75,feed,0
70dcc7,2026-03-28 08:31:12,social,mobile,north,47,0.39,feed,0
302a7e,2026-03-28 08:31:14,finance,desktop,west,24,3.69,sidebar,0
35b3d8,2026-03-28 09:02:32,finance,desktop,south,44,4.24,sidebar,1
f7845,2026-03-28 08:46:57,finance,desktop,east,29,4.72,sidebar,0
4eb501,2026-03-28 08:31:20,finance,mobile,north,25,4.6,sidebar,0
6c6511,2026-03-28 08:47:03,social,desktop,east,26,1.26,sidebar,0
4bd322,2026-03-28 08:47:06,news,mobile,south,54,0.81,top,0
5654dc,2026-03-28 09:18:35,news,desktop,west,28,0.11,feed,0
2df8f2,2026-03-28 08:15:44,news,mobile,west,22,1.6,feed,0
e5fdc3,2026-03-28 08:31:30,social,desktop,north,50,1.5,feed,0
43548a,2026-03-28 09:03:04,news,desktop,east,48,0.58,top,0
3e860f,2026-03-28 08:47:21,news,mobile,north,62,1.94,feed,0
de6ab8,2026-03-28 08:31:36,travel,desktop,west,43,1.62,feed,0
b0f97f,2026-03-28 08:31:38,news,desktop,south,35,1.19,top,0
1c274e,2026-03-28 08:15:50,travel,mobile,east,36,1.91,feed,1
45cfad,2026-03-28 08:47:33,gaming,mobile,north,63,1.93,top,0
154e32,2026-03-28 08:31:44,finance,desktop,north,32,0.97,top,0
b2153e,2026-03-28 08:15:53,gaming,desktop,north,40,1.65,sidebar,0
8c2ba4,2026-03-28 09:19:30,social,mobile,west,35,0.16,sidebar,1
e7d520,2026-03-28 09:19:35,finance,mobile,south,43,4.93,feed,0
5ccb1d,2026-03-28 09:03:44,gaming,desktop,north,59,0.74,sidebar,0
5ee7ea,2026-03-28 09:03:48,social,desktop,north,49,1.36,feed,0
1fa457,2026-03-28 08:31:56,social,desktop,south,32,0.19,sidebar,0
c1b3a2,2026-03-28 09:19:55,travel,desktop,south,31,2.93,feed,0
9b0996,2026-03-28 08:48:00,social,desktop,north,34,0.89,sidebar,0
6c4c0,2026-03-28 08:16:01,news,mobile,west,29,1.4,sidebar,1
a5470b,2026-03-28 09:20:10,travel,mobile,north,52,3.49,top,1
557b15,2026-03-28 09:04:12,social,desktop,south,29,0.74,feed,0
b2f6e5,2026-03-28 08:16:04,news,desktop,north,44,0.93,top,0
2edcd5,2026-03-28 09:20:25,social,desktop,north,65,0.28,top,0
f2c8bf,2026-03-28 08:16:06,gaming,desktop,south,56,0.72,top,1
b85cd0,2026-03-28 09:04:28,social,desktop,south,31,1.74,feed,0
e0932f,2026-03-28 08:32:16,gaming,desktop,east,62,0.7,feed,0
2541cd,2026-03-28 09:04:36,news,mobile,east,57,0.83,feed,1
e9353d,2026-03-28 09:20:50,social,mobile,north,33,0.87,top,0
e2133,2026-03-28 09:20:55,finance,desktop,north,47,2.36,feed,0
2e24c7,2026-03-28 08:32:24,social,mobile,west,59,1.0,feed,0
2a0ad,2026-03-28 08:48:39,travel,mobile,north,50,0.68,sidebar,0
43cd95,2026-03-28 08:16:14,gaming,desktop,north,37,0.87,sidebar,0
e5850b,2026-03-28 09:05:00,travel,mobile,west,32,2.7,top,0
245616,2026-03-28 09:05:04,news,mobile,west,51,0.3,sidebar,0
88c6a7,2026-03-28 09:21:25,finance,mobile,south,25,1.9,sidebar,0
486936,2026-03-28 09:05:12,finance,desktop,north,65,0.46,feed,0
8668fc,2026-03-28 08:48:57,news,mobile,east,43,1.01,feed,0
f0a6b4,2026-03-28 09:21:40,gaming,mobile,west,62,1.69,top,0
1c3ab7,2026-03-28 08:49:03,news,desktop,south,22,1.65,top,0
a90665,2026-03-28 09:05:28,gaming,desktop,west,51,1.52,feed,0
6ccc3e,2026-03-28 09:21:55,travel,desktop,south,44,3.32,sidebar,0
690119,2026-03-28 08:49:12,finance,desktop,west,52,2.9,top,0
4b2ecc,2026-03-28 08:16:25,news,mobile,west,19,0.83,feed,0
78005b,2026-03-28 08:49:18,social,desktop,east,59,1.03,feed,0
1ec45c,2026-03-28 08:49:21,news,mobile,north,54,1.08,top,0
18a73c,2026-03-28 08:32:56,travel,desktop,west,47,1.93,feed,0
babaff,2026-03-28 08:32:58,news,desktop,north,23,0.66,top,1
47302f,2026-03-28 08:33:00,gaming,desktop,east,35,0.92,top,0
60e3dd,2026-03-28 09:22:35,finance,mobile,north,47,2.98,sidebar,0
64bc12,2026-03-28 09:22:40,gaming,desktop,east,50,0.48,sidebar,1
ba8d3,2026-03-28 08:49:39,gaming,mobile,south,35,0.25,sidebar,1
dfeaee,2026-03-28 08:16:34,travel,mobile,west,38,0.62,top,1
eb7710,2026-03-28 09:06:20,gaming,mobile,south,38,1.7,feed,0
785826,2026-03-28 09:06:24,gaming,mobile,east,26,1.14,sidebar,0
db6da5,2026-03-28 08:49:51,social,mobile,north,59,1.36,top,1
b2538,2026-03-28 08:33:16,news,desktop,west,58,1.91,top,0
431990,2026-03-28 08:49:57,news,desktop,west,21,1.12,feed,0
